{"args": ["/home/travail/jiaqi/code/opp/openpifpaf/eval.py"], "version": "0+unknown", "dataset": "cocokp", "total_time": 107.56013995897956, "checkpoint": "/home/travail/jiaqi/code/opp/openpifpaf/output_test/shufflenetv2k16-240831-011733-cocokp-cocodet.pkl.epoch272", "count_ops": [38899132560.0, 10125960.0], "file_size": 43866453, "n_images": 2346, "decoder_time": 9.695049355272204, "nn_time": 24.582731896545738}