{"stats": [0.47759992423652575, 0.7118876235019393, 0.49434261566529675, 0.4014184796293461, 0.5881377642349136, 0.5089105793450883, 0.7241813602015114, 0.5229848866498741, 0.4263316033870527, 0.6254923820141212], "text_labels": ["AP", "AP0.5", "AP0.75", "APM", "APL", "AR", "AR0.5", "AR0.75", "ARM", "ARL"], "args": ["/home/travail/jiaqi/code/opp/openpifpaf/eval.py"], "version": "0+unknown", "dataset": "cocokp", "total_time": 107.56013995897956, "checkpoint": "/home/travail/jiaqi/code/opp/openpifpaf/output_test/shufflenetv2k16-240831-011733-cocokp-cocodet.pkl.epoch272", "count_ops": [38899132560.0, 10125960.0], "file_size": 43866453, "n_images": 2346, "decoder_time": 9.695049355272204, "nn_time": 24.582731896545738}