{"args": ["/home/travail/jiaqi/code/opp/openpifpaf/eval.py"], "version": "0+unknown", "dataset": "cocodet", "total_time": 122.85412375908345, "checkpoint": "/home/travail/jiaqi/code/opp/openpifpaf/output_test/shufflenetv2k16-240831-011733-cocokp-cocodet.pkl.epoch272", "count_ops": [37958471856.0, 9565974.0], "file_size": 43866453, "n_images": 2693, "decoder_time": 4.270334698492661, "nn_time": 26.564704291755334}