{"stats": [0.32207978792203795, 0.6113857278101319, 0.30164342064366245, 0.14942159759955734, 0.43192981245530315, 0.47064847388360265, 0.1396770900992855, 0.36142711329683586, 0.37243203117750767, 0.1701485608170845, 0.48111737845823266, 0.543918426802622], "text_labels": ["AP", "AP0.5", "AP0.75", "APS", "APM", "APL", "ART1", "ART10", "AR", "ARS", "ARM", "ARL"], "args": ["/home/travail/jiaqi/code/opp/openpifpaf/eval.py"], "version": "0+unknown", "dataset": "cocodet", "total_time": 122.85412375908345, "checkpoint": "/home/travail/jiaqi/code/opp/openpifpaf/output_test/shufflenetv2k16-240831-011733-cocokp-cocodet.pkl.epoch272", "count_ops": [37958471856.0, 9565974.0], "file_size": 43866453, "n_images": 2693, "decoder_time": 4.270334698492661, "nn_time": 26.564704291755334}